-- phpMyAdmin SQL Dump
-- version 3.4.0
-- http://www.phpmyadmin.net
--
-- Host: localhost
-- Generation Time: Mar 11, 2014 at 08:29 PM
-- Server version: 5.5.34
-- PHP Version: 5.3.25

SET SQL_MODE="NO_AUTO_VALUE_ON_ZERO";
SET time_zone = "+00:00";


/*!40101 SET @OLD_CHARACTER_SET_CLIENT=@@CHARACTER_SET_CLIENT */;
/*!40101 SET @OLD_CHARACTER_SET_RESULTS=@@CHARACTER_SET_RESULTS */;
/*!40101 SET @OLD_COLLATION_CONNECTION=@@COLLATION_CONNECTION */;
/*!40101 SET NAMES utf8 */;

--
-- Database: `cmsw`
--

--
-- Dumping data for table `dl_files`
--

INSERT INTO `dl_files` (`FileID`, `AWSPath`, `FileDisplayName`, `FileSortOrder`) VALUES
(1, 'Artificial_Heart_(mp3).zip', 'Artificial Heart (mp3)', 1),
(3, 'lost+found_(mp3).zip', 'lost+found (mp3)', 98),
(4, 'New_Folder_(mp3).zip', 'New Folder (mp3)', 3),
(6, 'Other_Experiments_(mp3).zip', 'Other Experiments (mp3)', 97),
(7, 'Our_Bodies,_Ourselves,_Our_Cybernetic_Arms_(mp3).zip', 'Our Bodies, Ourselves, Our Cybernetic Arms (mp3)', 79),
(8, 'Smoking_Monkey_(mp3).zip', 'Smoking Monkey (mp3)', 96),
(9, 'The_Aftermath_(mp3).zip', 'The Aftermath (mp3)', 15),
(10, 'the_show_with_zefrank_(mp3).zip', 'the show with zefrank (mp3)', 99),
(11, 'Thing_a_Week_Four_(mp3).zip', 'Thing a Week Four (mp3)', 14),
(12, 'Thing_a_Week_One_(mp3).zip', 'Thing a Week One (mp3)', 11),
(13, 'Thing_a_Week_Three_(mp3).zip', 'Thing a Week Three (mp3)', 13),
(14, 'Thing_a_Week_Two_(mp3).zip', 'Thing a Week Two (mp3)', 12),
(15, 'Where_Tradition_Meets_Tomorrow_(mp3).zip', 'Where Tradition Meets Tomorrow (mp3)', 80),
(16, 'Artificial_Heart_(flac).zip', 'Artificial Heart (flac)', 101),
(17, 'lost+found_(flac).zip', 'lost+found (flac)', 198),
(18, 'New_Folder_(flac).zip', 'New Folder (flac)', 103),
(19, 'Other_Experiments_(flac).zip', 'Other Experiments (flac)', 197),
(20, 'Our_Bodies,_Ourselves,_Our_Cybernetic_Arms_(flac).zip', 'Our Bodies, Ourselves, Our Cybernetic Arms (flac)', 179),
(21, 'Smoking_Monkey_(flac).zip', 'Smoking Monkey (flac)', 196),
(22, 'The_Aftermath_(flac).zip', 'The Aftermath (flac)', 115),
(23, 'the_show_with_zefrank_(flac).zip', 'the show with zefrank (flac)', 199),
(24, 'Thing_a_Week_Four_(flac).zip', 'Thing a Week Four (flac)', 114),
(25, 'Thing_a_Week_One_(flac).zip', 'Thing a Week One (flac)', 111),
(26, 'Thing_a_Week_Three_(flac).zip', 'Thing a Week Three (flac)', 113),
(27, 'Thing_a_Week_Two_(flac).zip', 'Thing a Week Two (flac)', 112),
(28, 'Where_Tradition_Meets_Tomorrow_(flac).zip', 'Where Tradition Meets Tomorrow (flac)', 180),
(29, 'The_Princess_Who_Saved_Herself.mp3', 'The Princess Who Saved Herself (mp3)', 5),
(30, 'The_Princess_Who_Saved_Herself.flac', 'The Princess Who Saved Herself (flac)', 105),
(31, 'LOS-ROBOS-4CMSW.pdf', 'Los Robos (pdf)', 1),
(32, 'Code_Monkey_Save_World_Acoustic_(mp3).zip', 'Code Monkey Save World - Acoustic (mp3)', 1),
(33, 'Code_Monkey_Save_World_Acoustic_(flac).zip', 'Code Monkey Save World - Acoustic (flac)', 2),
(34, 'Code_Monkey_Save_World_Acoustic_(ogg).zip', 'Code Monkey Save World - Acoustic (ogg)', 3);

--
-- Dumping data for table `EmailSelectionQueries`
--

INSERT INTO `EmailSelectionQueries` (`qid`, `q`, `email_field`, `toname_field`, `addl_term_func`, `memo`) VALUES
(15, 'SELECT BackerName, BackerEmail, BackerAccessToken FROM  `backers` ', 'BackerEmail', 'BackerName', NULL, '');
--
-- Dumping data for table `EmailSenders`
--

INSERT INTO `EmailSenders` (`SenderID`, `SenderAddress`, `SenderName`) VALUES
(2, 'codemonkeysaveworld@jonathancoulton.com', 'Code Monkey Save World');

--
-- Dumping data for table `EmailTemplates`
--

INSERT INTO `EmailTemplates` (`etid`, `etname`, `etsubj`, `ettext`, `ethtml`, `etcat`, `etlastupdate`, `etsender`) VALUES
(5, 'View Backer Home Page', 'Code Monkey Save World: Downloads & Order Confirmation', 'Hi there and thank you again for supporting Code Monkey Save World!\r\n\r\nFrom now on most of our communications will be coming from this email address, which is connected to the Code Monkey Save World order fulfillment supercomputer. Please make sure that you''ve added this email address to your address book and (if you''re using gmail) dragged the message into the primary tab if that''s where you''d prefer to read it.\r\n\r\n \r\n\r\nYOUR BACKER HOME PAGE\r\n\r\nBelow you''ll find a link to your "Backer Home Page", which includes a summary of all the delectable rewards we''ll be delivering to you in the coming months. Depending on the rewards you selected, you may find that digital downloads for some of your rewards are already live!\r\n\r\nhttps://secure.jonathancoulton.com/cmsw/backer_home.php?accesstoken=[:BackerAccessToken:]\r\n\r\n \r\n\r\nPlease look over your Backer Home Page and confirm that all rewards you are expecting to receive are listed there. Respond to this email if you have any questions about your rewards!\r\n\r\nAs downloads go live and shipping details are released, we''ll notify you and update your backer home page.\r\n\r\n \r\n\r\nThank you again for your support!\r\n\r\nTHE CMSW DATA ENTRY MONKEYS\r\n\r\n \r\n\r\nP.S. Having trouble viewing the page? Check it out in the latest version of Chrome, Safari or Firefox or reply to this email for more support.', '<p>Hi there and thank you again for supporting Code Monkey Save World!</p>\r\n<p><strong>From now on most of our communications will be coming from this email address</strong>, which is connected to the Code Monkey Save World order fulfillment supercomputer. <strong>Please make sure that you''ve added this email address to your address book</strong> and (if you''re using gmail) dragged the message into the primary tab if that''s where you''d prefer to read it.</p>\r\n<p>&nbsp;</p>\r\n<p><strong>YOUR BACKER HOME PAGE</strong></p>\r\n<p>Below you''ll find a link to your "Backer Home Page", which includes a summary of all the delectable rewards we''ll be delivering to you in the coming months. Depending on the rewards you selected, you may find that digital downloads for some of your rewards are already live!</p>\r\n<p><a href="https://secure.jonathancoulton.com/cmsw/backer_home.php?accesstoken=[:BackerAccessToken:]">https://secure.jonathancoulton.com/cmsw/backer_home.php?accesstoken=[:BackerAccessToken:]</a></p>\r\n<p>&nbsp;</p>\r\n<p><strong>Please look over your Backer Home Page and confirm that all rewards you are expecting to receive are listed there.</strong> Respond to this email if you have any questions about your rewards!</p>\r\n<p>As downloads go live and shipping details are released, we''ll notify you and update your backer home page.</p>\r\n<p>&nbsp;</p>\r\n<p>Thank you again for your support!</p>\r\n<p>THE CMSW DATA ENTRY MONKEYS</p>\r\n<p>&nbsp;</p>\r\n<p>P.S. Having trouble viewing the page? Check it out in the latest version of Chrome, Safari or Firefox or reply to this email for more support.</p>', 'Default', '2013-08-09 01:18:31', 2);

--
-- Dumping data for table `productfilecorrelations`
--

INSERT INTO `productfilecorrelations` (`ProductID`, `FileDisplayName`) VALUES
('AllJoCoTracks', 'Artificial Heart (flac)'),
('AllJoCoTracks', 'Artificial Heart (mp3)'),
('NewAcousticAlbum', 'Code Monkey Save World - Acoustic (flac)'),
('NewAcousticAlbum', 'Code Monkey Save World - Acoustic (mp3)'),
('NewAcousticAlbum', 'Code Monkey Save World - Acoustic (ogg)'),
('AllJoCoTracks', 'lost+found (flac)'),
('AllJoCoTracks', 'lost+found (mp3)'),
('AllJoCoTracks', 'New Folder (flac)'),
('AllJoCoTracks', 'New Folder (mp3)'),
('AllJoCoTracks', 'Other Experiments (flac)'),
('AllJoCoTracks', 'Other Experiments (mp3)'),
('AllJoCoTracks', 'Our Bodies, Ourselves, Our Cybernetic Arms (flac)'),
('AllJoCoTracks', 'Our Bodies, Ourselves, Our Cybernetic Arms (mp3)'),
('AllJoCoTracks', 'Smoking Monkey (flac)'),
('AllJoCoTracks', 'Smoking Monkey (mp3)'),
('AllJoCoTracks', 'The Aftermath (flac)'),
('AllJoCoTracks', 'The Aftermath (mp3)'),
('AllJoCoTracks', 'The Princess Who Saved Herself (flac)'),
('AllJoCoTracks', 'The Princess Who Saved Herself (mp3)'),
('AllJoCoTracks', 'the show with zefrank (flac)'),
('AllJoCoTracks', 'the show with zefrank (mp3)'),
('AllJoCoTracks', 'Thing a Week Four (flac)'),
('AllTAWTracks', 'Thing a Week Four (flac)'),
('AllJoCoTracks', 'Thing a Week Four (mp3)'),
('AllTAWTracks', 'Thing a Week Four (mp3)'),
('AllJoCoTracks', 'Thing a Week One (flac)'),
('AllTAWTracks', 'Thing a Week One (flac)'),
('AllJoCoTracks', 'Thing a Week One (mp3)'),
('AllTAWTracks', 'Thing a Week One (mp3)'),
('AllJoCoTracks', 'Thing a Week Three (flac)'),
('AllTAWTracks', 'Thing a Week Three (flac)'),
('AllJoCoTracks', 'Thing a Week Three (mp3)'),
('AllTAWTracks', 'Thing a Week Three (mp3)'),
('AllJoCoTracks', 'Thing a Week Two (flac)'),
('AllTAWTracks', 'Thing a Week Two (flac)'),
('AllJoCoTracks', 'Thing a Week Two (mp3)'),
('AllTAWTracks', 'Thing a Week Two (mp3)'),
('AllJoCoTracks', 'Where Tradition Meets Tomorrow (flac)'),
('AllJoCoTracks', 'Where Tradition Meets Tomorrow (mp3)');

--
-- Dumping data for table `products`
--

INSERT INTO `products` (`ProductID`, `IsPhysical`, `FulfillmentChannel`, `ShipmentGrouping`, `DataRequirements`, `Notes`, `ProductDisplayName`, `ShipwireSKU`) VALUES
('10PackRetailerCMSWSongSoundtrackAlbumPrincessBook', 1, 'FulfillmentHouse', 'Nov/Dec', NULL, 'print sticker with DL codes for these products', 'Retail Download 10 Pack', 'RetailerDLPack'),
('10x13CMSWPoster', 1, 'FulfillmentHouse', 'Nov/Dec', NULL, NULL, '10" x 13" CMSW Poster', '10x13CMSWPoster'),
('10x13PrincessPoster', 1, 'FulfillmentHouse', 'Nov/Dec', NULL, NULL, '10" x 13" Princess Poster', '10x13PWSHPoster'),
('24x36CMSWPoster', 1, 'FulfillmentHouse', 'Nov/Dec', NULL, 'Will need to be rolled into tubes', '24" x 36" CMSW Poster', '24x36CMSWPoster'),
('2ChallengeCoins', 1, 'FulfillmentHouse', 'Nov/Dec', NULL, NULL, '2 Challenge Coins', '2ChallengeCoins'),
('2SqInAdvertisement', 0, 'Manual', 'ASAP', 'Respond to email indicating whether youd like text or to submit a design. Dimensions are 1 in. X 2 in. Anna follow up.', NULL, '2 Sq. In Advertisement', NULL),
('3MoreChallengeCoins', 1, 'FulfillmentHouse', 'Nov/Dec', NULL, NULL, '3 Addl Challenge Coins', '3ChallengeCoins'),
('AddonStickerPack', 1, 'FulfillmentHouse', 'Nov/Dec', NULL, NULL, 'Stickers!', 'AddonStickers'),
('AdvertisementForStore', 0, 'Manual', 'ASAP', 'Anna gather whether youd like text or to submit a design. Dimensions are TBD per Greg', NULL, 'Store Advertisement', NULL),
('AllJoCoTracks', 0, 'Digital', 'ASAP', NULL, NULL, 'The Full JoCo Catalogue', NULL),
('AllTAWTracks', 0, 'Digital', 'ASAP', NULL, NULL, 'All of Thing a Week', NULL),
('ButtonLosRobosPack', 1, 'FulfillmentHouse', 'ASAP', NULL, 'this added late, 10 of each', 'Buttons and Los Robos', 'ButtonLosRobosP'),
('CMSWDigitalPart1', 0, 'Digital', 'ASAP', NULL, NULL, 'CMSW Digital Comic, Part 1', NULL),
('CMSWDigitalPart2', 0, 'Digital', 'ASAP', NULL, NULL, 'CMSW Digital Comic, Part 2', NULL),
('CMSWDigitalPart3', 0, 'Digital', 'ASAP', NULL, NULL, 'CMSW Digital Comic, Part 3', NULL),
('CMSWDigitalPart4', 0, 'Digital', 'ASAP', NULL, NULL, 'CMSW Digital Comic, Part 4', NULL),
('CMSWSongAndSourceTracks', 0, 'Digital', 'NOV/DEC', NULL, NULL, 'CMSW Original Song and Source Tracks', NULL),
('CMSWSoundtrack', 0, 'Digital', 'NOV/DEC', NULL, NULL, 'CMSW - Entire Soundrack', NULL),
('DIYFigurine', 1, 'FulfillmentHouse', 'Nov/Dec', NULL, NULL, 'DIY Figurine', 'DIYFigurine'),
('InsiderPackage', 0, 'Manual', 'ASAP', NULL, NULL, 'Insider Package', NULL),
('JoCoSongReview', 0, 'Manual', 'ASAP', 'Anna collect songs and instructions on type of feedback, other notes. Schedule time for Skype or call to review with JC (talk w JC about what time works)', NULL, 'Song Review by JoCo', NULL),
('JoCoVoicemail', 0, 'Manual', 'ASAP', 'Anna get voicemail script', NULL, 'JoCo Voicemail', NULL),
('LikenessInCMSW', 0, 'Manual', 'ASAP', 'Anna get release, other forms, current picture', NULL, 'Likeness In CMSW', NULL),
('LikenessInCMSWOriginalPanel', 1, 'Manual/Tak', 'When Possible', NULL, NULL, 'Original Panel of Likeness in CMSW', NULL),
('LikenessInPrincessBook', 0, 'Manual', 'When Possible', 'Anna gather later, same as LikenessInCMSW', NULL, 'Likeness in The Princess Who Saved Herself', NULL),
('Mug', 1, 'FulfillmentHouse', 'Nov/Dec', NULL, NULL, 'CMSW Mug', 'Mug'),
('NewAcousticAlbum', 0, 'Digital', 'NOV/DEC', NULL, NULL, 'The CMSW Acoustic Album', NULL),
('PakComixPDFs', 0, 'Digital', 'ASAP', NULL, NULL, 'Greg Pak Digital Comics Package', NULL),
('PakOriginalSketch', 1, 'Manual', 'TBD', NULL, NULL, 'Original Sketch by Greg Pak', NULL),
('PakScriptReview', 0, 'Manual', 'ASAP', 'Pak to gather manually', NULL, 'Script Review by Greg Pak', NULL),
('PakVoicemail', 0, 'Manual', 'ASAP', 'Anna gather voicemail script', NULL, 'Greg Pak Voicemail', NULL),
('PrincessWSHDigiBook', 0, 'Digital', 'JAN/FEB', NULL, NULL, 'Princess Who Saved Herself Digi-book', NULL),
('Signed11x17PrintOfPrincessLikeness', 1, 'Manual', 'When Possible', NULL, 'Must be signed by JC and Pak as well...', 'Signed 11" x 17" Print of Your Likeness in PrincessWSH', NULL),
('SignedCasualFridayFigurine', 1, 'FulfillmentHouse', 'Nov/Dec', NULL, 'sign by chen, pak and coulton', 'Signed Casual Friday Figurine', 'SignedCasualFri'),
('SignedFigurine', 1, 'FulfillmentHouse', 'Nov/Dec', NULL, 'sign by chen, pak and coulton', 'Signed Figurine', 'SignedFigurine'),
('SignedLosRobos', 1, 'FulfillmentHouse', 'Nov/Dec', NULL, 'sign by pak, pak will bring to fulfill house', 'Signed Copy of "Los Robos"', 'SignedLosRobos'),
('SignedScript', 1, 'FulfillmentHouse', 'Nov/Dec', NULL, 'sign by pak, pak will bring to fulfill house', 'Signed CMSW Script', 'SignedScript'),
('SignedTradePaperback', 1, 'FulfillmentHouse', 'Nov/Dec', NULL, 'sign by jc and pak', 'Signed CMSW Trade Paperback', 'SignedPaperback'),
('StandaloneStickers', 1, 'Greg', 'June', NULL, NULL, 'Stickers!', NULL),
('TakCustomDrawing', 1, 'Manual/Tak', 'TBD', 'Which character? Which Emotion?', NULL, 'Custom Drawing of Your Favorite CMSW Character', NULL),
('ThreeSignedPakBooks', 1, 'Manual', 'TBD', NULL, 'sign by pak', 'Three books by Greg Pak, signed', NULL),
('TradePaperback', 1, 'FulfillmentHouse', 'Nov/Dec', NULL, NULL, 'CMSW Trade Paperback', 'TradePaperback'),
('Tshirt', 1, 'FulfillmentHouse', 'Nov/Dec', 'Which size (Ladies and mens up to big sizes)', NULL, 'CMSW Tshirt', 'Tshirt'),
('WatchJoCoRecord', 0, 'Manual', 'N/A', 'When works manually through Anna', NULL, 'Watch JoCo Record LIVE', NULL);

--
-- Dumping data for table `productsbytier`
--

INSERT INTO `productsbytier` (`TierID`, `ProductID`, `DefaultQty`) VALUES
('$10.00 USD reward', 'CMSWSongAndSourceTracks', 1),
('$10.00 USD reward', 'CMSWSoundtrack', 1),
('$100.00 USD reward', '10x13CMSWPoster', 1),
('$100.00 USD reward', '10x13PrincessPoster', 1),
('$100.00 USD reward', 'AddonStickerPack', 1),
('$100.00 USD reward', 'AllJoCoTracks', 1),
('$100.00 USD reward', 'CMSWDigitalPart1', 1),
('$100.00 USD reward', 'CMSWDigitalPart2', 1),
('$100.00 USD reward', 'CMSWDigitalPart3', 1),
('$100.00 USD reward', 'CMSWDigitalPart4', 1),
('$100.00 USD reward', 'CMSWSongAndSourceTracks', 1),
('$100.00 USD reward', 'CMSWSoundtrack', 1),
('$100.00 USD reward', 'NewAcousticAlbum', 1),
('$100.00 USD reward', 'PakComixPDFs', 1),
('$100.00 USD reward', 'PrincessWSHDigiBook', 1),
('$100.00 USD reward', 'SignedTradePaperback', 1),
('$110.00 USD reward 1', '10x13CMSWPoster', 1),
('$110.00 USD reward 1', '10x13PrincessPoster', 1),
('$110.00 USD reward 1', '2ChallengeCoins', 1),
('$110.00 USD reward 1', 'AddonStickerPack', 1),
('$110.00 USD reward 1', 'CMSWDigitalPart1', 1),
('$110.00 USD reward 1', 'CMSWDigitalPart2', 1),
('$110.00 USD reward 1', 'CMSWDigitalPart3', 1),
('$110.00 USD reward 1', 'CMSWDigitalPart4', 1),
('$110.00 USD reward 1', 'CMSWSongAndSourceTracks', 1),
('$110.00 USD reward 1', 'CMSWSoundtrack', 1),
('$110.00 USD reward 1', 'Mug', 1),
('$110.00 USD reward 1', 'NewAcousticAlbum', 1),
('$110.00 USD reward 1', 'PakComixPDFs', 1),
('$110.00 USD reward 1', 'PrincessWSHDigiBook', 1),
('$110.00 USD reward 1', 'SignedTradePaperback', 1),
('$110.00 USD reward 1', 'Tshirt', 1),
('$110.00 USD reward 2', '10x13CMSWPoster', 1),
('$110.00 USD reward 2', '10x13PrincessPoster', 1),
('$110.00 USD reward 2', '24x36CMSWPoster', 1),
('$110.00 USD reward 2', 'AddonStickerPack', 1),
('$110.00 USD reward 2', 'CMSWDigitalPart1', 1),
('$110.00 USD reward 2', 'CMSWDigitalPart2', 1),
('$110.00 USD reward 2', 'CMSWDigitalPart3', 1),
('$110.00 USD reward 2', 'CMSWDigitalPart4', 1),
('$110.00 USD reward 2', 'CMSWSongAndSourceTracks', 1),
('$110.00 USD reward 2', 'CMSWSoundtrack', 1),
('$110.00 USD reward 2', 'Mug', 1),
('$110.00 USD reward 2', 'NewAcousticAlbum', 1),
('$110.00 USD reward 2', 'PakComixPDFs', 1),
('$110.00 USD reward 2', 'PrincessWSHDigiBook', 1),
('$110.00 USD reward 2', 'SignedTradePaperback', 1),
('$110.00 USD reward 2', 'Tshirt', 1),
('$110.00 USD reward 3', '10x13CMSWPoster', 1),
('$110.00 USD reward 3', '10x13PrincessPoster', 1),
('$110.00 USD reward 3', '24x36CMSWPoster', 1),
('$110.00 USD reward 3', '2ChallengeCoins', 1),
('$110.00 USD reward 3', 'AddonStickerPack', 1),
('$110.00 USD reward 3', 'CMSWDigitalPart1', 1),
('$110.00 USD reward 3', 'CMSWDigitalPart2', 1),
('$110.00 USD reward 3', 'CMSWDigitalPart3', 1),
('$110.00 USD reward 3', 'CMSWDigitalPart4', 1),
('$110.00 USD reward 3', 'CMSWSongAndSourceTracks', 1),
('$110.00 USD reward 3', 'CMSWSoundtrack', 1),
('$110.00 USD reward 3', 'NewAcousticAlbum', 1),
('$110.00 USD reward 3', 'PakComixPDFs', 1),
('$110.00 USD reward 3', 'PrincessWSHDigiBook', 1),
('$110.00 USD reward 3', 'SignedTradePaperback', 1),
('$110.00 USD reward 3', 'Tshirt', 1),
('$110.00 USD reward 4', '10x13CMSWPoster', 1),
('$110.00 USD reward 4', '10x13PrincessPoster', 1),
('$110.00 USD reward 4', '24x36CMSWPoster', 1),
('$110.00 USD reward 4', '2ChallengeCoins', 1),
('$110.00 USD reward 4', 'AddonStickerPack', 1),
('$110.00 USD reward 4', 'CMSWDigitalPart1', 1),
('$110.00 USD reward 4', 'CMSWDigitalPart2', 1),
('$110.00 USD reward 4', 'CMSWDigitalPart3', 1),
('$110.00 USD reward 4', 'CMSWDigitalPart4', 1),
('$110.00 USD reward 4', 'CMSWSongAndSourceTracks', 1),
('$110.00 USD reward 4', 'CMSWSoundtrack', 1),
('$110.00 USD reward 4', 'Mug', 1),
('$110.00 USD reward 4', 'NewAcousticAlbum', 1),
('$110.00 USD reward 4', 'PakComixPDFs', 1),
('$110.00 USD reward 4', 'PrincessWSHDigiBook', 1),
('$110.00 USD reward 4', 'SignedTradePaperback', 1),
('$125.00 USD reward', '10x13CMSWPoster', 1),
('$125.00 USD reward', '10x13PrincessPoster', 1),
('$125.00 USD reward', 'AddonStickerPack', 1),
('$125.00 USD reward', 'CMSWDigitalPart1', 1),
('$125.00 USD reward', 'CMSWDigitalPart2', 1),
('$125.00 USD reward', 'CMSWDigitalPart3', 1),
('$125.00 USD reward', 'CMSWDigitalPart4', 1),
('$125.00 USD reward', 'CMSWSongAndSourceTracks', 1),
('$125.00 USD reward', 'CMSWSoundtrack', 1),
('$125.00 USD reward', 'DIYFigurine', 1),
('$125.00 USD reward', 'NewAcousticAlbum', 1),
('$125.00 USD reward', 'PakComixPDFs', 1),
('$125.00 USD reward', 'PrincessWSHDigiBook', 1),
('$125.00 USD reward', 'SignedTradePaperback', 1),
('$15.00 USD reward', 'CMSWDigitalPart1', 1),
('$15.00 USD reward', 'CMSWDigitalPart2', 1),
('$15.00 USD reward', 'CMSWDigitalPart3', 1),
('$15.00 USD reward', 'CMSWDigitalPart4', 1),
('$15.00 USD reward', 'CMSWSongAndSourceTracks', 1),
('$15.00 USD reward', 'CMSWSoundtrack', 1),
('$15.00 USD reward', 'NewAcousticAlbum', 1),
('$15.00 USD reward', 'PrincessWSHDigiBook', 1),
('$150.00 USD reward 1', '10PackRetailerCMSWSongSoundtrackAlbumPrincessBook', 1),
('$150.00 USD reward 1', '10x13CMSWPoster', 10),
('$150.00 USD reward 1', '10x13PrincessPoster', 10),
('$150.00 USD reward 1', 'AddonStickerPack', 1),
('$150.00 USD reward 1', 'AdvertisementForStore', 1),
('$150.00 USD reward 1', 'AllJoCoTracks', 1),
('$150.00 USD reward 1', 'CMSWDigitalPart1', 11),
('$150.00 USD reward 1', 'CMSWDigitalPart2', 11),
('$150.00 USD reward 1', 'CMSWDigitalPart3', 11),
('$150.00 USD reward 1', 'CMSWDigitalPart4', 11),
('$150.00 USD reward 1', 'PakComixPDFs', 1),
('$150.00 USD reward 1', 'SignedTradePaperback', 10),
('$150.00 USD reward 2', '10x13CMSWPoster', 1),
('$150.00 USD reward 2', '10x13PrincessPoster', 1),
('$150.00 USD reward 2', '2SqInAdvertisement', 1),
('$150.00 USD reward 2', 'AddonStickerPack', 1),
('$150.00 USD reward 2', 'CMSWDigitalPart1', 1),
('$150.00 USD reward 2', 'CMSWDigitalPart2', 1),
('$150.00 USD reward 2', 'CMSWDigitalPart3', 1),
('$150.00 USD reward 2', 'CMSWDigitalPart4', 1),
('$150.00 USD reward 2', 'CMSWSongAndSourceTracks', 1),
('$150.00 USD reward 2', 'CMSWSoundtrack', 1),
('$150.00 USD reward 2', 'NewAcousticAlbum', 1),
('$150.00 USD reward 2', 'PakComixPDFs', 1),
('$150.00 USD reward 2', 'PrincessWSHDigiBook', 1),
('$150.00 USD reward 2', 'SignedTradePaperback', 1),
('$150.00 USD reward 3', '10x13CMSWPoster', 1),
('$150.00 USD reward 3', '10x13PrincessPoster', 1),
('$150.00 USD reward 3', '2SqInAdvertisement', 1),
('$150.00 USD reward 3', 'AddonStickerPack', 1),
('$150.00 USD reward 3', 'CMSWDigitalPart1', 1),
('$150.00 USD reward 3', 'CMSWDigitalPart2', 1),
('$150.00 USD reward 3', 'CMSWDigitalPart3', 1),
('$150.00 USD reward 3', 'CMSWDigitalPart4', 1),
('$150.00 USD reward 3', 'CMSWSongAndSourceTracks', 1),
('$150.00 USD reward 3', 'CMSWSoundtrack', 1),
('$150.00 USD reward 3', 'NewAcousticAlbum', 1),
('$150.00 USD reward 3', 'PakComixPDFs', 1),
('$150.00 USD reward 3', 'PrincessWSHDigiBook', 1),
('$150.00 USD reward 3', 'SignedTradePaperback', 1),
('$150.00 USD reward 4', '10x13CMSWPoster', 1),
('$150.00 USD reward 4', '10x13PrincessPoster', 1),
('$150.00 USD reward 4', 'AddonStickerPack', 1),
('$150.00 USD reward 4', 'AllJoCoTracks', 1),
('$150.00 USD reward 4', 'CMSWDigitalPart1', 1),
('$150.00 USD reward 4', 'CMSWDigitalPart2', 1),
('$150.00 USD reward 4', 'CMSWDigitalPart3', 1),
('$150.00 USD reward 4', 'CMSWDigitalPart4', 1),
('$150.00 USD reward 4', 'CMSWSongAndSourceTracks', 1),
('$150.00 USD reward 4', 'CMSWSoundtrack', 1),
('$150.00 USD reward 4', 'NewAcousticAlbum', 1),
('$150.00 USD reward 4', 'PakComixPDFs', 1),
('$150.00 USD reward 4', 'PakOriginalSketch', 1),
('$150.00 USD reward 4', 'PakVoicemail', 1),
('$150.00 USD reward 4', 'PrincessWSHDigiBook', 1),
('$150.00 USD reward 4', 'SignedLosRobos', 1),
('$150.00 USD reward 4', 'SignedTradePaperback', 1),
('$150.00 USD reward 4', 'ThreeSignedPakBooks', 1),
('$150.00 USD reward 5', '10x13CMSWPoster', 1),
('$150.00 USD reward 5', '10x13PrincessPoster', 1),
('$150.00 USD reward 5', '2SqInAdvertisement', 1),
('$150.00 USD reward 5', 'AddonStickerPack', 1),
('$150.00 USD reward 5', 'CMSWDigitalPart1', 1),
('$150.00 USD reward 5', 'CMSWDigitalPart2', 1),
('$150.00 USD reward 5', 'CMSWDigitalPart3', 1),
('$150.00 USD reward 5', 'CMSWDigitalPart4', 1),
('$150.00 USD reward 5', 'CMSWSongAndSourceTracks', 1),
('$150.00 USD reward 5', 'CMSWSoundtrack', 1),
('$150.00 USD reward 5', 'NewAcousticAlbum', 1),
('$150.00 USD reward 5', 'PakComixPDFs', 1),
('$150.00 USD reward 5', 'PrincessWSHDigiBook', 1),
('$150.00 USD reward 5', 'SignedTradePaperback', 1),
('$160.00 USD reward', '10x13CMSWPoster', 1),
('$160.00 USD reward', '10x13PrincessPoster', 1),
('$160.00 USD reward', '24x36CMSWPoster', 1),
('$160.00 USD reward', '2ChallengeCoins', 1),
('$160.00 USD reward', '3MoreChallengeCoins', 1),
('$160.00 USD reward', 'AddonStickerPack', 1),
('$160.00 USD reward', 'AllJoCoTracks', 1),
('$160.00 USD reward', 'CMSWDigitalPart1', 1),
('$160.00 USD reward', 'CMSWDigitalPart2', 1),
('$160.00 USD reward', 'CMSWDigitalPart3', 1),
('$160.00 USD reward', 'CMSWDigitalPart4', 1),
('$160.00 USD reward', 'CMSWSongAndSourceTracks', 1),
('$160.00 USD reward', 'CMSWSoundtrack', 1),
('$160.00 USD reward', 'Mug', 1),
('$160.00 USD reward', 'NewAcousticAlbum', 1),
('$160.00 USD reward', 'PakComixPDFs', 1),
('$160.00 USD reward', 'PrincessWSHDigiBook', 1),
('$160.00 USD reward', 'SignedLosRobos', 1),
('$160.00 USD reward', 'SignedScript', 1),
('$160.00 USD reward', 'SignedTradePaperback', 1),
('$160.00 USD reward', 'Tshirt', 1),
('$200.00 USD reward', '10x13CMSWPoster', 1),
('$200.00 USD reward', '10x13PrincessPoster', 1),
('$200.00 USD reward', 'AddonStickerPack', 1),
('$200.00 USD reward', 'AllJoCoTracks', 1),
('$200.00 USD reward', 'CMSWDigitalPart1', 1),
('$200.00 USD reward', 'CMSWDigitalPart2', 1),
('$200.00 USD reward', 'CMSWDigitalPart3', 1),
('$200.00 USD reward', 'CMSWDigitalPart4', 1),
('$200.00 USD reward', 'CMSWSongAndSourceTracks', 1),
('$200.00 USD reward', 'CMSWSoundtrack', 1),
('$200.00 USD reward', 'JoCoVoicemail', 1),
('$200.00 USD reward', 'NewAcousticAlbum', 1),
('$200.00 USD reward', 'PakComixPDFs', 1),
('$200.00 USD reward', 'PrincessWSHDigiBook', 1),
('$200.00 USD reward', 'SignedTradePaperback', 1),
('$25.00 USD reward', 'AddonStickerPack', 1),
('$25.00 USD reward', 'CMSWDigitalPart1', 1),
('$25.00 USD reward', 'CMSWDigitalPart2', 1),
('$25.00 USD reward', 'CMSWDigitalPart3', 1),
('$25.00 USD reward', 'CMSWDigitalPart4', 1),
('$25.00 USD reward', 'CMSWSongAndSourceTracks', 1),
('$25.00 USD reward', 'CMSWSoundtrack', 1),
('$25.00 USD reward', 'NewAcousticAlbum', 1),
('$25.00 USD reward', 'PrincessWSHDigiBook', 1),
('$25.00 USD reward', 'TradePaperback', 1),
('$250.00 USD reward', '10x13CMSWPoster', 1),
('$250.00 USD reward', '10x13PrincessPoster', 1),
('$250.00 USD reward', 'AddonStickerPack', 1),
('$250.00 USD reward', 'CMSWDigitalPart1', 1),
('$250.00 USD reward', 'CMSWDigitalPart2', 1),
('$250.00 USD reward', 'CMSWDigitalPart3', 1),
('$250.00 USD reward', 'CMSWDigitalPart4', 1),
('$250.00 USD reward', 'CMSWSongAndSourceTracks', 1),
('$250.00 USD reward', 'CMSWSoundtrack', 1),
('$250.00 USD reward', 'InsiderPackage', 1),
('$250.00 USD reward', 'NewAcousticAlbum', 1),
('$250.00 USD reward', 'PakComixPDFs', 1),
('$250.00 USD reward', 'PrincessWSHDigiBook', 1),
('$250.00 USD reward', 'SignedLosRobos', 1),
('$250.00 USD reward', 'SignedTradePaperback', 1),
('$3.00 USD reward', 'StandaloneStickers', 1),
('$30.00 USD reward', 'AddonStickerPack', 1),
('$30.00 USD reward', 'CMSWDigitalPart1', 1),
('$30.00 USD reward', 'CMSWDigitalPart2', 1),
('$30.00 USD reward', 'CMSWDigitalPart3', 1),
('$30.00 USD reward', 'CMSWDigitalPart4', 1),
('$30.00 USD reward', 'CMSWSongAndSourceTracks', 1),
('$30.00 USD reward', 'CMSWSoundtrack', 1),
('$30.00 USD reward', 'NewAcousticAlbum', 1),
('$30.00 USD reward', 'PrincessWSHDigiBook', 1),
('$30.00 USD reward', 'TradePaperback', 1),
('$300.00 USD reward 1', '10x13CMSWPoster', 1),
('$300.00 USD reward 1', '10x13PrincessPoster', 1),
('$300.00 USD reward 1', 'AddonStickerPack', 1),
('$300.00 USD reward 1', 'AllJoCoTracks', 1),
('$300.00 USD reward 1', 'CMSWDigitalPart1', 1),
('$300.00 USD reward 1', 'CMSWDigitalPart2', 1),
('$300.00 USD reward 1', 'CMSWDigitalPart3', 1),
('$300.00 USD reward 1', 'CMSWDigitalPart4', 1),
('$300.00 USD reward 1', 'CMSWSongAndSourceTracks', 1),
('$300.00 USD reward 1', 'CMSWSoundtrack', 1),
('$300.00 USD reward 1', 'NewAcousticAlbum', 1),
('$300.00 USD reward 1', 'PakComixPDFs', 1),
('$300.00 USD reward 1', 'PrincessWSHDigiBook', 1),
('$300.00 USD reward 1', 'SignedFigurine', 1),
('$300.00 USD reward 1', 'SignedTradePaperback', 1),
('$300.00 USD reward 2', '10x13CMSWPoster', 1),
('$300.00 USD reward 2', '10x13PrincessPoster', 1),
('$300.00 USD reward 2', 'AddonStickerPack', 1),
('$300.00 USD reward 2', 'AllJoCoTracks', 1),
('$300.00 USD reward 2', 'CMSWDigitalPart1', 1),
('$300.00 USD reward 2', 'CMSWDigitalPart2', 1),
('$300.00 USD reward 2', 'CMSWDigitalPart3', 1),
('$300.00 USD reward 2', 'CMSWDigitalPart4', 1),
('$300.00 USD reward 2', 'CMSWSongAndSourceTracks', 1),
('$300.00 USD reward 2', 'CMSWSoundtrack', 1),
('$300.00 USD reward 2', 'NewAcousticAlbum', 1),
('$300.00 USD reward 2', 'PakComixPDFs', 1),
('$300.00 USD reward 2', 'PrincessWSHDigiBook', 1),
('$300.00 USD reward 2', 'SignedCasualFridayFigurine', 1),
('$300.00 USD reward 2', 'SignedTradePaperback', 1),
('$35.00 USD reward', '10x13CMSWPoster', 1),
('$35.00 USD reward', '10x13PrincessPoster', 1),
('$35.00 USD reward', 'AddonStickerPack', 1),
('$35.00 USD reward', 'CMSWDigitalPart1', 1),
('$35.00 USD reward', 'CMSWDigitalPart2', 1),
('$35.00 USD reward', 'CMSWDigitalPart3', 1),
('$35.00 USD reward', 'CMSWDigitalPart4', 1),
('$35.00 USD reward', 'CMSWSongAndSourceTracks', 1),
('$35.00 USD reward', 'CMSWSoundtrack', 1),
('$35.00 USD reward', 'NewAcousticAlbum', 1),
('$35.00 USD reward', 'PrincessWSHDigiBook', 1),
('$35.00 USD reward', 'SignedTradePaperback', 1),
('$40.00 USD reward 1', '10x13CMSWPoster', 1),
('$40.00 USD reward 1', '10x13PrincessPoster', 1),
('$40.00 USD reward 1', 'AddonStickerPack', 1),
('$40.00 USD reward 1', 'CMSWDigitalPart1', 1),
('$40.00 USD reward 1', 'CMSWDigitalPart2', 1),
('$40.00 USD reward 1', 'CMSWDigitalPart3', 1),
('$40.00 USD reward 1', 'CMSWDigitalPart4', 1),
('$40.00 USD reward 1', 'CMSWSongAndSourceTracks', 1),
('$40.00 USD reward 1', 'CMSWSoundtrack', 1),
('$40.00 USD reward 1', 'NewAcousticAlbum', 1),
('$40.00 USD reward 1', 'PrincessWSHDigiBook', 1),
('$40.00 USD reward 1', 'SignedTradePaperback', 1),
('$40.00 USD reward 2', '10x13CMSWPoster', 1),
('$40.00 USD reward 2', '10x13PrincessPoster', 1),
('$40.00 USD reward 2', '24x36CMSWPoster', 1),
('$40.00 USD reward 2', 'AddonStickerPack', 1),
('$40.00 USD reward 2', 'CMSWDigitalPart1', 1),
('$40.00 USD reward 2', 'CMSWDigitalPart2', 1),
('$40.00 USD reward 2', 'CMSWDigitalPart3', 1),
('$40.00 USD reward 2', 'CMSWDigitalPart4', 1),
('$40.00 USD reward 2', 'CMSWSongAndSourceTracks', 1),
('$40.00 USD reward 2', 'CMSWSoundtrack', 1),
('$40.00 USD reward 2', 'Mug', 1),
('$40.00 USD reward 2', 'NewAcousticAlbum', 1),
('$40.00 USD reward 2', 'PakComixPDFs', 1),
('$40.00 USD reward 2', 'PrincessWSHDigiBook', 1),
('$40.00 USD reward 2', 'SignedTradePaperback', 1),
('$5.00 USD reward 1', 'CMSWSongAndSourceTracks', 1),
('$5.00 USD reward 2', 'StandaloneStickers', 1),
('$50.00 USD reward 1', '10x13CMSWPoster', 1),
('$50.00 USD reward 1', '10x13PrincessPoster', 1),
('$50.00 USD reward 1', 'AddonStickerPack', 1),
('$50.00 USD reward 1', 'CMSWDigitalPart1', 1),
('$50.00 USD reward 1', 'CMSWDigitalPart2', 1),
('$50.00 USD reward 1', 'CMSWDigitalPart3', 1),
('$50.00 USD reward 1', 'CMSWDigitalPart4', 1),
('$50.00 USD reward 1', 'CMSWSongAndSourceTracks', 1),
('$50.00 USD reward 1', 'CMSWSoundtrack', 1),
('$50.00 USD reward 1', 'NewAcousticAlbum', 1),
('$50.00 USD reward 1', 'PakComixPDFs', 1),
('$50.00 USD reward 1', 'PrincessWSHDigiBook', 1),
('$50.00 USD reward 1', 'SignedTradePaperback', 1),
('$50.00 USD reward 1', 'Tshirt', 1),
('$50.00 USD reward 2', '10x13CMSWPoster', 1),
('$50.00 USD reward 2', '10x13PrincessPoster', 1),
('$50.00 USD reward 2', 'AddonStickerPack', 1),
('$50.00 USD reward 2', 'CMSWDigitalPart1', 1),
('$50.00 USD reward 2', 'CMSWDigitalPart2', 1),
('$50.00 USD reward 2', 'CMSWDigitalPart3', 1),
('$50.00 USD reward 2', 'CMSWDigitalPart4', 1),
('$50.00 USD reward 2', 'CMSWSongAndSourceTracks', 1),
('$50.00 USD reward 2', 'CMSWSoundtrack', 1),
('$50.00 USD reward 2', 'Mug', 1),
('$50.00 USD reward 2', 'NewAcousticAlbum', 1),
('$50.00 USD reward 2', 'PakComixPDFs', 1),
('$50.00 USD reward 2', 'PrincessWSHDigiBook', 1),
('$50.00 USD reward 2', 'SignedTradePaperback', 1),
('$50.00 USD reward 3', '10x13CMSWPoster', 1),
('$50.00 USD reward 3', '10x13PrincessPoster', 1),
('$50.00 USD reward 3', '2ChallengeCoins', 1),
('$50.00 USD reward 3', 'AddonStickerPack', 1),
('$50.00 USD reward 3', 'CMSWDigitalPart1', 1),
('$50.00 USD reward 3', 'CMSWDigitalPart2', 1),
('$50.00 USD reward 3', 'CMSWDigitalPart3', 1),
('$50.00 USD reward 3', 'CMSWDigitalPart4', 1),
('$50.00 USD reward 3', 'CMSWSongAndSourceTracks', 1),
('$50.00 USD reward 3', 'CMSWSoundtrack', 1),
('$50.00 USD reward 3', 'NewAcousticAlbum', 1),
('$50.00 USD reward 3', 'PakComixPDFs', 1),
('$50.00 USD reward 3', 'PrincessWSHDigiBook', 1),
('$50.00 USD reward 3', 'SignedTradePaperback', 1),
('$50.00 USD reward 4', '10x13CMSWPoster', 1),
('$50.00 USD reward 4', '10x13PrincessPoster', 1),
('$50.00 USD reward 4', '24x36CMSWPoster', 1),
('$50.00 USD reward 4', 'AddonStickerPack', 1),
('$50.00 USD reward 4', 'CMSWDigitalPart1', 1),
('$50.00 USD reward 4', 'CMSWDigitalPart2', 1),
('$50.00 USD reward 4', 'CMSWDigitalPart3', 1),
('$50.00 USD reward 4', 'CMSWDigitalPart4', 1),
('$50.00 USD reward 4', 'CMSWSongAndSourceTracks', 1),
('$50.00 USD reward 4', 'CMSWSoundtrack', 1),
('$50.00 USD reward 4', 'NewAcousticAlbum', 1),
('$50.00 USD reward 4', 'PakComixPDFs', 1),
('$50.00 USD reward 4', 'PrincessWSHDigiBook', 1),
('$50.00 USD reward 4', 'SignedTradePaperback', 1),
('$500.00 USD reward 1', '10x13CMSWPoster', 1),
('$500.00 USD reward 1', '10x13PrincessPoster', 1),
('$500.00 USD reward 1', 'AddonStickerPack', 1),
('$500.00 USD reward 1', 'CMSWDigitalPart1', 1),
('$500.00 USD reward 1', 'CMSWDigitalPart2', 1),
('$500.00 USD reward 1', 'CMSWDigitalPart3', 1),
('$500.00 USD reward 1', 'CMSWDigitalPart4', 1),
('$500.00 USD reward 1', 'CMSWSongAndSourceTracks', 1),
('$500.00 USD reward 1', 'CMSWSoundtrack', 1),
('$500.00 USD reward 1', 'LikenessInCMSW', 1),
('$500.00 USD reward 1', 'LikenessInCMSWOriginalPanel', 1),
('$500.00 USD reward 1', 'NewAcousticAlbum', 1),
('$500.00 USD reward 1', 'PakComixPDFs', 1),
('$500.00 USD reward 1', 'PrincessWSHDigiBook', 1),
('$500.00 USD reward 1', 'SignedTradePaperback', 1),
('$500.00 USD reward 2', '10x13CMSWPoster', 1),
('$500.00 USD reward 2', '10x13PrincessPoster', 1),
('$500.00 USD reward 2', 'AddonStickerPack', 1),
('$500.00 USD reward 2', 'CMSWDigitalPart1', 1),
('$500.00 USD reward 2', 'CMSWDigitalPart2', 1),
('$500.00 USD reward 2', 'CMSWDigitalPart3', 1),
('$500.00 USD reward 2', 'CMSWDigitalPart4', 1),
('$500.00 USD reward 2', 'CMSWSongAndSourceTracks', 1),
('$500.00 USD reward 2', 'CMSWSoundtrack', 1),
('$500.00 USD reward 2', 'InsiderPackage', 1),
('$500.00 USD reward 2', 'NewAcousticAlbum', 1),
('$500.00 USD reward 2', 'PakComixPDFs', 1),
('$500.00 USD reward 2', 'PakScriptReview', 1),
('$500.00 USD reward 2', 'PrincessWSHDigiBook', 1),
('$500.00 USD reward 2', 'SignedScript', 1),
('$500.00 USD reward 2', 'SignedTradePaperback', 1),
('$500.00 USD reward 3', '10x13CMSWPoster', 1),
('$500.00 USD reward 3', '10x13PrincessPoster', 1),
('$500.00 USD reward 3', 'AddonStickerPack', 1),
('$500.00 USD reward 3', 'AllJoCoTracks', 1),
('$500.00 USD reward 3', 'CMSWDigitalPart1', 1),
('$500.00 USD reward 3', 'CMSWDigitalPart2', 1),
('$500.00 USD reward 3', 'CMSWDigitalPart3', 1),
('$500.00 USD reward 3', 'CMSWDigitalPart4', 1),
('$500.00 USD reward 3', 'CMSWSongAndSourceTracks', 1),
('$500.00 USD reward 3', 'CMSWSoundtrack', 1),
('$500.00 USD reward 3', 'InsiderPackage', 1),
('$500.00 USD reward 3', 'JoCoSongReview', 1),
('$500.00 USD reward 3', 'NewAcousticAlbum', 1),
('$500.00 USD reward 3', 'PakComixPDFs', 1),
('$500.00 USD reward 3', 'PrincessWSHDigiBook', 1),
('$500.00 USD reward 3', 'SignedTradePaperback', 1),
('$500.00 USD reward 4', '10x13CMSWPoster', 1),
('$500.00 USD reward 4', '10x13PrincessPoster', 1),
('$500.00 USD reward 4', 'AddonStickerPack', 1),
('$500.00 USD reward 4', 'CMSWDigitalPart1', 1),
('$500.00 USD reward 4', 'CMSWDigitalPart2', 1),
('$500.00 USD reward 4', 'CMSWDigitalPart3', 1),
('$500.00 USD reward 4', 'CMSWDigitalPart4', 1),
('$500.00 USD reward 4', 'CMSWSongAndSourceTracks', 1),
('$500.00 USD reward 4', 'CMSWSoundtrack', 1),
('$500.00 USD reward 4', 'LikenessInCMSW', 1),
('$500.00 USD reward 4', 'LikenessInCMSWOriginalPanel', 1),
('$500.00 USD reward 4', 'NewAcousticAlbum', 1),
('$500.00 USD reward 4', 'PakComixPDFs', 1),
('$500.00 USD reward 4', 'PrincessWSHDigiBook', 1),
('$500.00 USD reward 4', 'SignedTradePaperback', 1),
('$500.00 USD reward 5', '10x13CMSWPoster', 1),
('$500.00 USD reward 5', '10x13PrincessPoster', 1),
('$500.00 USD reward 5', 'AddonStickerPack', 1),
('$500.00 USD reward 5', 'CMSWDigitalPart1', 1),
('$500.00 USD reward 5', 'CMSWDigitalPart2', 1),
('$500.00 USD reward 5', 'CMSWDigitalPart3', 1),
('$500.00 USD reward 5', 'CMSWDigitalPart4', 1),
('$500.00 USD reward 5', 'CMSWSongAndSourceTracks', 1),
('$500.00 USD reward 5', 'CMSWSoundtrack', 1),
('$500.00 USD reward 5', 'NewAcousticAlbum', 1),
('$500.00 USD reward 5', 'PakComixPDFs', 1),
('$500.00 USD reward 5', 'PrincessWSHDigiBook', 1),
('$500.00 USD reward 5', 'SignedTradePaperback', 1),
('$500.00 USD reward 5', 'TakCustomDrawing', 1),
('$500.00 USD reward 6', '10x13CMSWPoster', 1),
('$500.00 USD reward 6', '10x13PrincessPoster', 1),
('$500.00 USD reward 6', 'AddonStickerPack', 1),
('$500.00 USD reward 6', 'CMSWDigitalPart1', 1),
('$500.00 USD reward 6', 'CMSWDigitalPart2', 1),
('$500.00 USD reward 6', 'CMSWDigitalPart3', 1),
('$500.00 USD reward 6', 'CMSWDigitalPart4', 1),
('$500.00 USD reward 6', 'CMSWSongAndSourceTracks', 1),
('$500.00 USD reward 6', 'CMSWSoundtrack', 1),
('$500.00 USD reward 6', 'LikenessInPrincessBook', 1),
('$500.00 USD reward 6', 'NewAcousticAlbum', 1),
('$500.00 USD reward 6', 'PakComixPDFs', 1),
('$500.00 USD reward 6', 'PrincessWSHDigiBook', 1),
('$500.00 USD reward 6', 'Signed11x17PrintOfPrincessLikeness', 1),
('$500.00 USD reward 6', 'SignedTradePaperback', 1),
('$75.00 USD reward', '10x13CMSWPoster', 1),
('$75.00 USD reward', '10x13PrincessPoster', 1),
('$75.00 USD reward', 'AddonStickerPack', 1),
('$75.00 USD reward', 'AllTAWTracks', 1),
('$75.00 USD reward', 'CMSWDigitalPart1', 1),
('$75.00 USD reward', 'CMSWDigitalPart2', 1),
('$75.00 USD reward', 'CMSWDigitalPart3', 1),
('$75.00 USD reward', 'CMSWDigitalPart4', 1),
('$75.00 USD reward', 'CMSWSongAndSourceTracks', 1),
('$75.00 USD reward', 'CMSWSoundtrack', 1),
('$75.00 USD reward', 'NewAcousticAlbum', 1),
('$75.00 USD reward', 'PakComixPDFs', 1),
('$75.00 USD reward', 'PrincessWSHDigiBook', 1),
('$75.00 USD reward', 'SignedScript', 1),
('$75.00 USD reward', 'SignedTradePaperback', 1),
('$750.00 USD reward', '10x13CMSWPoster', 1),
('$750.00 USD reward', '10x13PrincessPoster', 1),
('$750.00 USD reward', '24x36CMSWPoster', 1),
('$750.00 USD reward', 'AddonStickerPack', 1),
('$750.00 USD reward', 'AllJoCoTracks', 1),
('$750.00 USD reward', 'CMSWDigitalPart1', 1),
('$750.00 USD reward', 'CMSWDigitalPart2', 1),
('$750.00 USD reward', 'CMSWDigitalPart3', 1),
('$750.00 USD reward', 'CMSWDigitalPart4', 1),
('$750.00 USD reward', 'CMSWSongAndSourceTracks', 1),
('$750.00 USD reward', 'CMSWSoundtrack', 1),
('$750.00 USD reward', 'Mug', 1),
('$750.00 USD reward', 'NewAcousticAlbum', 1),
('$750.00 USD reward', 'PakComixPDFs', 1),
('$750.00 USD reward', 'PrincessWSHDigiBook', 1),
('$750.00 USD reward', 'SignedScript', 1),
('$750.00 USD reward', 'SignedTradePaperback', 1),
('$750.00 USD reward', 'Tshirt', 1),
('$750.00 USD reward', 'WatchJoCoRecord', 1),
('$80.00 USD reward 1', '10x13CMSWPoster', 1),
('$80.00 USD reward 1', '10x13PrincessPoster', 1),
('$80.00 USD reward 1', 'AddonStickerPack', 1),
('$80.00 USD reward 1', 'CMSWDigitalPart1', 1),
('$80.00 USD reward 1', 'CMSWDigitalPart2', 1),
('$80.00 USD reward 1', 'CMSWDigitalPart3', 1),
('$80.00 USD reward 1', 'CMSWDigitalPart4', 1),
('$80.00 USD reward 1', 'CMSWSongAndSourceTracks', 1),
('$80.00 USD reward 1', 'CMSWSoundtrack', 1),
('$80.00 USD reward 1', 'Mug', 1),
('$80.00 USD reward 1', 'NewAcousticAlbum', 1),
('$80.00 USD reward 1', 'PakComixPDFs', 1),
('$80.00 USD reward 1', 'PrincessWSHDigiBook', 1),
('$80.00 USD reward 1', 'SignedTradePaperback', 1),
('$80.00 USD reward 1', 'Tshirt', 1),
('$80.00 USD reward 2', '10x13CMSWPoster', 1),
('$80.00 USD reward 2', '10x13PrincessPoster', 1),
('$80.00 USD reward 2', '2ChallengeCoins', 1),
('$80.00 USD reward 2', 'AddonStickerPack', 1),
('$80.00 USD reward 2', 'CMSWDigitalPart1', 1),
('$80.00 USD reward 2', 'CMSWDigitalPart2', 1),
('$80.00 USD reward 2', 'CMSWDigitalPart3', 1),
('$80.00 USD reward 2', 'CMSWDigitalPart4', 1),
('$80.00 USD reward 2', 'CMSWSongAndSourceTracks', 1),
('$80.00 USD reward 2', 'CMSWSoundtrack', 1),
('$80.00 USD reward 2', 'NewAcousticAlbum', 1),
('$80.00 USD reward 2', 'PakComixPDFs', 1),
('$80.00 USD reward 2', 'PrincessWSHDigiBook', 1),
('$80.00 USD reward 2', 'SignedTradePaperback', 1),
('$80.00 USD reward 2', 'Tshirt', 1),
('$80.00 USD reward 3', '10x13CMSWPoster', 1),
('$80.00 USD reward 3', '10x13PrincessPoster', 1),
('$80.00 USD reward 3', '24x36CMSWPoster', 1),
('$80.00 USD reward 3', 'AddonStickerPack', 1),
('$80.00 USD reward 3', 'CMSWDigitalPart1', 1),
('$80.00 USD reward 3', 'CMSWDigitalPart2', 1),
('$80.00 USD reward 3', 'CMSWDigitalPart3', 1),
('$80.00 USD reward 3', 'CMSWDigitalPart4', 1),
('$80.00 USD reward 3', 'CMSWSongAndSourceTracks', 1),
('$80.00 USD reward 3', 'CMSWSoundtrack', 1),
('$80.00 USD reward 3', 'NewAcousticAlbum', 1),
('$80.00 USD reward 3', 'PakComixPDFs', 1),
('$80.00 USD reward 3', 'PrincessWSHDigiBook', 1),
('$80.00 USD reward 3', 'SignedTradePaperback', 1),
('$80.00 USD reward 3', 'Tshirt', 1),
('$80.00 USD reward 4', '10x13CMSWPoster', 1),
('$80.00 USD reward 4', '10x13PrincessPoster', 1),
('$80.00 USD reward 4', '2ChallengeCoins', 1),
('$80.00 USD reward 4', 'AddonStickerPack', 1),
('$80.00 USD reward 4', 'CMSWDigitalPart1', 1),
('$80.00 USD reward 4', 'CMSWDigitalPart2', 1),
('$80.00 USD reward 4', 'CMSWDigitalPart3', 1),
('$80.00 USD reward 4', 'CMSWDigitalPart4', 1),
('$80.00 USD reward 4', 'CMSWSongAndSourceTracks', 1),
('$80.00 USD reward 4', 'CMSWSoundtrack', 1),
('$80.00 USD reward 4', 'Mug', 1),
('$80.00 USD reward 4', 'NewAcousticAlbum', 1),
('$80.00 USD reward 4', 'PakComixPDFs', 1),
('$80.00 USD reward 4', 'PrincessWSHDigiBook', 1),
('$80.00 USD reward 4', 'SignedTradePaperback', 1),
('$80.00 USD reward 5', '10x13CMSWPoster', 1),
('$80.00 USD reward 5', '10x13PrincessPoster', 1),
('$80.00 USD reward 5', '24x36CMSWPoster', 1),
('$80.00 USD reward 5', '2ChallengeCoins', 1),
('$80.00 USD reward 5', 'AddonStickerPack', 1),
('$80.00 USD reward 5', 'CMSWDigitalPart1', 1),
('$80.00 USD reward 5', 'CMSWDigitalPart2', 1),
('$80.00 USD reward 5', 'CMSWDigitalPart3', 1),
('$80.00 USD reward 5', 'CMSWDigitalPart4', 1),
('$80.00 USD reward 5', 'CMSWSongAndSourceTracks', 1),
('$80.00 USD reward 5', 'CMSWSoundtrack', 1),
('$80.00 USD reward 5', 'NewAcousticAlbum', 1),
('$80.00 USD reward 5', 'PakComixPDFs', 1),
('$80.00 USD reward 5', 'PrincessWSHDigiBook', 1),
('$80.00 USD reward 5', 'SignedTradePaperback', 1),
('$80.00 USD reward 6', '10x13CMSWPoster', 1),
('$80.00 USD reward 6', '10x13PrincessPoster', 1),
('$80.00 USD reward 6', '24x36CMSWPoster', 1),
('$80.00 USD reward 6', 'AddonStickerPack', 1),
('$80.00 USD reward 6', 'CMSWDigitalPart1', 1),
('$80.00 USD reward 6', 'CMSWDigitalPart2', 1),
('$80.00 USD reward 6', 'CMSWDigitalPart3', 1),
('$80.00 USD reward 6', 'CMSWDigitalPart4', 1),
('$80.00 USD reward 6', 'CMSWSongAndSourceTracks', 1),
('$80.00 USD reward 6', 'CMSWSoundtrack', 1),
('$80.00 USD reward 6', 'Mug', 1),
('$80.00 USD reward 6', 'NewAcousticAlbum', 1),
('$80.00 USD reward 6', 'PakComixPDFs', 1),
('$80.00 USD reward 6', 'PrincessWSHDigiBook', 1),
('$80.00 USD reward 6', 'SignedTradePaperback', 1);

--
-- Dumping data for table `tiers`
--

INSERT INTO `tiers` (`TierID`, `TierDescName`, `TierFullText`, `TierMinPledge`, `TierShippingMeta`, `TierIntlSurcharge`) VALUES
('$10.00 USD reward', 'DigitalSoundtrack10', 'The official SOUNDTRACK. Get all of the original Jonathan Coulton songs that inspired the graphic novel in one digital package. Includes nifty cover art and the songs "Code Monkey," "Skullcrusher Mountain," "Chiron Beta Prime," "The Future Soon," "Curl," "I Crush Everything," "Creepy Doll," "Re: Your Brains," and maybe even "Good Morning Tucson" if that newscaster character makes it into the book. Also includes the BRAND NEW JONATHAN COULTON SONG and its source tracks!', '10.00', '', '0.00'),
('$100.00 USD reward', 'JoCoMusicPakComixAndBook100', 'ALL OF JONATHAN COULTON''S MUSIC and MORE PAK COMIX plus BOOK & MUSIC! A digital download of Jonathan Coulton''s entire musical ouvre! That''s right, all of his songs (except the Christmas album). PLUS PDFs of several rarely-seen Greg Pak short comic book stories, including "The Citizen," illustrated by Bernard Chang and the "Rio Chino" stories illustrated by Ian Kim and Sean Chen. PLUS the gorgeous hard copy of the "Code Monkey Save World" graphic novel! PLUS the digital downloads of the chapters through Monkeybrain and comiXology. PLUS a digital download of the soundtrack, which includes all the Jonathan Coulton songs that inspired the book! PLUS a digital download of the NEW JoCo song inspired by the book! Add $10 for shipping outside the US.', '100.00', '', '10.00'),
('$110.00 USD reward 1', 'TshirtMugChallengeCoinsSignedBook110', 'T-SHIRT, MUG & CHALLENGE COINS plus everything else in the $35 signed paperback level. Add $35 for shipping outside the US.', '110.00', '', '35.00'),
('$110.00 USD reward 2', 'TshirtMugPosterSignedBook110', 'T-SHIRT, MUG & POSTER plus everything else in the $35 signed paperback level. Add $45 for shipping outside the US.', '110.00', '', '45.00'),
('$110.00 USD reward 3', 'TshirtChallengeCoinsPosterSignedBook110', 'T-SHIRT, CHALLENGE COINS & POSTER plus everything else in the $35 signed paperback level. Add $35 for shipping outside the US.', '110.00', '', '35.00'),
('$110.00 USD reward 4', 'MugChallengeCoinsPosterSignedBook110', 'MUG, CHALLENGE COINS & POSTER plus everything else in the $35 signed paperback level. Add $45 for shipping outside the US.', '110.00', '', '45.00'),
('$125.00 USD reward', 'DIYFigurineBookMusic125', 'CODE MONKEY FIGURINE DIY KIT plus BOOK & MUSIC. Yes, the $200 limited edition, painted resin figurines of Code Monkey sculpted by the brilliant artist Sean Chen have SOLD OUT. But now you can get a special DO-IT-YOURSELF KIT that includes six cast resin pieces and instructions on how to assemble them into the finished Code Monkey figurine! (You''ll need your own X-acto knife, sandpaper, superglue and paint.) PLUS we promise to post pictures you send us of your assembled and painted figurine on the "Code Monkey Save World" web page when it''s live later in the year (pictures must be SFW, natch). PLUS you get the gorgeous physical copy of the "Code Monkey Save World" trade paperback! PLUS the digital downloads of the chapters through Monkeybrain and comiXology. PLUS a digital download of the soundtrack, which includes all the Jonathan Coulton songs that inspired the book! PLUS a digital download of the NEW JoCo song inspired by the book! Add $25 for shipping outside the US.', '125.00', '', '25.00'),
('$15.00 USD reward', 'DigitalBookRelease15', 'DIGITAL BOOK RELEASE plus MUSIC. For just fifteen bucks, you get digital downloads of each of the four chapters of the "Code Monkey Save World" graphic novel as they''re completed through Monkeybrain Comics and comiXology. Each issue available exclusively to Kickstarter backers for the first month of release. We''re hoping to start releasing issues in August, finish in November. PLUS a digital download of the SOUNDTRACK, which includes all the Jonathan Coulton songs that inspired the book! PLUS a digital download of the NEW JoCo song inspired by the book!', '15.00', '', '0.00'),
('$150.00 USD reward 1', 'Retailers10SignedBooksAndAd150', 'RETAILERS ONLY! Ten copies of the "Code Monkey Save World" graphic novel, SIGNED by Greg Pak and Jonathan Coulton! Plus a bunch of stickers and buttons. PLUS an ADVERTISEMENT for your store in the print edition of the "Code Monkey Save World" graphic novel! PLUS a digital download of ALL OF JONATHAN COULTON''S SONGS! That''s right, all of them (except the Christmas album). PLUS the digital downloads of the chapters through Monkeybrain and comiXology. PLUS a digital download of the soundtrack, which includes all the Jonathan Coulton songs that inspired the book! PLUS a digital download of the NEW JoCo song inspired by the book! Add $60 for shipping outside the US.', '150.00', '', '60.00'),
('$150.00 USD reward 2', 'AdvertisementAndBook150', 'Get your own ADVERTISEMENT in the hard copy print edition of the "Code Monkey Save World" graphic novel! Yep, you''ll get a space approximately two square inches for a message of your choosing on a special page in the actual graphic novel. (No pornography, profanity, hate speech, illegal or mean-spirited stuff in the messages or ads allowed, natch.) PLUS the gorgeous hard copy of the "Code Monkey Save World" graphic novel! PLUS the digital downloads of the chapters through Monkeybrain and comiXology. PLUS a digital download of the soundtrack, which includes all the Jonathan Coulton songs that inspired the book! PLUS a digital download of the NEW JoCo song inspired by the book! Add $10 for shipping outside the US.', '150.00', '', '10.00'),
('$150.00 USD reward 3', 'R2AdvertisementAndBook150', 'SECOND BONUS ROUND! 30 MORE AVAILABLE! Get your own ADVERTISEMENT in the hard copy print edition of the "Code Monkey Save World" graphic novel! Yep, you''ll get a space approximately two square inches for a message of your choosing on a special page in the actual graphic novel. (No pornography, profanity, hate speech, illegal or mean-spirited stuff in the messages or ads allowed, natch.) PLUS the gorgeous hard copy of the "Code Monkey Save World" trade paperback! PLUS the digital downloads of the chapters through Monkeybrain and comiXology. PLUS a digital download of the soundtrack, which includes all the Jonathan Coulton songs that inspired the book! PLUS a digital download of the NEW JoCo song inspired by the book! Add $10 for shipping outside the US.', '150.00', '', '10.00'),
('$150.00 USD reward 4', 'PakVoicemailJoCoSongsPakComixAndBook150', 'PAK VOICEMAIL MESSAGE plus MORE OF GREG''S COMICS plus ALL OF JONATHAN''S SONGS (except the Christmas album) plus BOOK & MUSIC. Yeah, the Jonathan Coulton voicemail messages are sold out. But here''s your chance to have Greg Pak record an outgoing message for your voicemail or phone based on a script provided by you! No, Greg is not a professional singer-songwriter on the internet. But he''s been told he has a very nice speaking voice -- he even did radio in college! (No pornography, profanity, hate speech, illegal or really creepy or mean-spirited stuff in the messages allowed, natch.) Message will be delivered in mp3 format. PLUS PDFs of several rarely-seen Greg Pak short comic book stories, including "The Citizen," illustrated by Bernard Chang and the "Rio Chino" stories illustrated by Ian Kim and Sean Chen. PLUS a digital download of ALL OF JONATHAN COULTON''S SONGS! That''s right, all of them (except the Christmas album). PLUS the gorgeous hard copy of the "Code Monkey Save World" trade paperback! PLUS the digital downloads of the chapters through Monkeybrain and comiXology. PLUS a digital download of the soundtrack, which includes all the Jonathan Coulton songs that inspired the book! PLUS a digital download of the NEW JoCo song inspired by the book! Add $10 for shipping outside the US.', '150.00', '', '10.00'),
('$150.00 USD reward 5', 'R3AdvertisementAndBook150', 'THIRD BONUS ROUND! 30 MORE AVAILABLE! Get your own ADVERTISEMENT in the hard copy print edition of the "Code Monkey Save World" graphic novel! Yep, you''ll get a space approximately two square inches for a message of your choosing on a special page in the actual graphic novel. (No pornography, profanity, hate speech, illegal or mean-spirited stuff in the messages or ads allowed, natch.) PLUS the gorgeous hard copy of the "Code Monkey Save World" trade paperback! PLUS the digital downloads of the chapters through Monkeybrain and comiXology. PLUS a digital download of the soundtrack, which includes all the Jonathan Coulton songs that inspired the book! PLUS a digital download of the NEW JoCo song inspired by the book! Add $10 for shipping outside the US.', '150.00', '', '10.00'),
('$160.00 USD reward', 'SuperSwagBundle160', 'SUPER SWAG BUNDLE - Includes the T-SHIRT, MUG, POSTER, and CHALLENGE COINS plus everything in the $35 pledge level PLUS THREE MORE CHALLENGE COINS (each featuring a new, different design!) PLUS ALL OF JONATHAN COULTON''S MUSIC (minus the Christmas album) PLUS the signed "Code Monkey Save World" script! Add $70 for shipping outside the US.', '160.00', '', '70.00'),
('$200.00 USD reward', 'JoCoVoicemailJoCoSongs200', 'COULTON VOICEMAIL MESSAGE plus ALL OF JONATHAN''S SONGS (except the Christmas album) plus BOOK & MUSIC. Jonathan Coulton will record an outgoing message for your voicemail or phone based on a script provided by you. (No pornography, profanity, hate speech, illegal or really creepy or mean-spirited stuff in the messages allowed, natch.) HE MIGHT EVEN SING IT FOR YOU, YO! Message will be delivered in mp3 format. PLUS a digital download of ALL OF JONATHAN COULTON''S SONGS! That''s right, all of them (except the Christmas album). PLUS the gorgeous hard copy of the "Code Monkey Save World" trade paperback! PLUS the digital downloads of the chapters through Monkeybrain and comiXology. PLUS a digital download of the soundtrack, which includes all the Jonathan Coulton songs that inspired the book! PLUS a digital download of the NEW JoCo song inspired by the book! Add $10 for shipping outside the US.', '200.00', '', '10.00'),
('$25.00 USD reward', 'TradePaperback25', 'HARD COPY TRADE PAPERBACK plus DIGITAL BOOKS plus MUSIC! Get the gorgeous hard copy of the "Code Monkey Save World" graphic novel PLUS the digital downloads of the chapters through Monkeybrain and comiXology. PLUS a digital download of the soundtrack, which includes all the Jonathan Coulton songs that inspired the book! PLUS a digital download of the NEW JoCo song inspired by the book! Add $10 for shipping outside the US.', '25.00', '', '10.00'),
('$250.00 USD reward', 'SecretInsiderPackage250', 'CODE MONKEY SECRET INSIDER PACKAGE. This is a craaaaazy idea, but we think you''re going to like it. Pledge at this level and we will include you in a super-secret mailing list wherein you will get an incredibly in-depth, advance look at every stage of the production of the comic book as it''s being created. This means... hold onto your hats, now... you''ll get the scripts ahead of time. You''ll see select pencils, inks, and colors as they come in. You''ll see some of the first lettering drafts and some of the final polished letters. In short, you''ll see how this comic is being made and the creative decisions that are going into it IN REAL TIME. You''ll start receiving stuff in May and will continue getting super secret insider emails until the book''s completed at the end of the year. AND you''ll get the gorgeous hard copy of the "Code Monkey Save World" graphic novel! PLUS the digital downloads of the chapters through Monkeybrain and comiXology. PLUS a digital download of the soundtrack, which includes all the Jonathan Coulton songs that inspired the book! PLUS a digital download of the NEW JoCo song inspired by the book! (PLEASE NOTE: To receive this reward, you will have to sign a non-disclosure agreement promising not to release any of the super-secret stuff we''re sharing with you unless and until you get written approval from us.)', '250.00', '', '0.00'),
('$3.00 USD reward', 'DomesticStickers3', 'STICKERS! Yes, if all you have is three bucks, WE WILL TAKE IT. And we''ll send you some official "Code Monkey Save World" stickers via the US mail! EVERYBODY LOVES STICKERS!', '3.00', 'Domestic', '0.00'),
('$30.00 USD reward', 'CanadaTradePaperback30', 'CANADA ONLY - HARD COPY TRADE PAPERBACK plus DIGITAL BOOKS plus MUSIC! Get the gorgeous hard copy of the "Code Monkey Save World" graphic novel PLUS the digital downloads of the chapters through Monkeybrain and comiXology. PLUS a digital download of the soundtrack, which includes all the Jonathan Coulton songs that inspired the book! PLUS a digital download of the NEW JoCo song inspired by the book! FOR CANADIAN ADDRESSES ONLY. (Because it''s cheaper to ship to you than other international destinations, you get this special deal that only charges $5 for shipping, included in your pledge amount above.)', '30.00', 'Canada', '0.00'),
('$300.00 USD reward 1', 'SignedFigurineJoCoMusic300', 'CODE MONKEY FIGURINE plus ALL JOCO SONGS plus BOOK & MUSIC. A limited edition resin figurine of Code Monkey sculpted by the brilliant artist Sean Chen, numbered and signed by Chen, Pak, and Coulton! PLUS a digital download of ALL OF JONATHAN COULTON''S SONGS! That''s right, all of them (except the Christmas album). PLUS the gorgeous hard copy of the "Code Monkey Save World" trade paperback! PLUS the digital downloads of the chapters through Monkeybrain and comiXology. PLUS a digital download of the soundtrack, which includes all the Jonathan Coulton songs that inspired the book! PLUS a digital download of the NEW JoCo song inspired by the book! Add $25 for shipping outside the US.', '300.00', '', '25.00'),
('$300.00 USD reward 2', 'CasualFridaySignedFigurineJoCoMusic300', 'SECOND BONUS ROUND! "CASUAL FRIDAY" VARIANT CODE MONKEY FIGURINE plus ALL JOCO SONGS plus BOOK & MUSIC. A limited edition resin figurine of Code Monkey sculpted by the brilliant artist Sean Chen, numbered and signed by Chen, Pak, and Coulton! This is the second round, "Casual Friday" Code Monkey variant version, who wears blue rather than khaki pants. PLUS a digital download of ALL OF JONATHAN COULTON''S SONGS! That''s right, all of them (except the Christmas album). PLUS the gorgeous hard copy of the "Code Monkey Save World" trade paperback! PLUS the digital downloads of the chapters through Monkeybrain and comiXology. PLUS a digital download of the soundtrack, which includes all the Jonathan Coulton songs that inspired the book! PLUS a digital download of the NEW JoCo song inspired by the book! Add $25 for shipping outside the US.', '300.00', '', '25.00'),
('$35.00 USD reward', 'SignedTradePaperback35', 'SIGNED HARD COPY - plus DIGITAL BOOKS plus MUSIC! Here you get the gorgeous hard copy of the "Code Monkey Save World" graphic novel -- SIGNED by Greg Pak and Jonathan Coulton! PLUS the digital downloads of the chapters through Monkeybrain and comiXology. PLUS a digital download of the soundtrack, which includes all the Jonathan Coulton songs that inspired the book! PLUS a digital download of the NEW JoCo song inspired by the book! Add $10 for shipping outside the US.', '35.00', '', '10.00'),
('$40.00 USD reward 1', 'CanadaSignedTradePaperback40', 'CANADA ONLY - SIGNED HARD COPY - plus DIGITAL BOOKS plus MUSIC! Here you get the gorgeous hard copy of the "Code Monkey Save World" graphic novel -- SIGNED by Greg Pak and Jonathan Coulton! PLUS the digital downloads of the chapters through Monkeybrain and comiXology. PLUS a digital download of the soundtrack, which includes all the Jonathan Coulton songs that inspired the book! PLUS a digital download of the NEW JoCo song inspired by the book! Add $10 for shipping outside the US. FOR CANADIAN ADDRESSES ONLY. (Because it''s cheaper to ship to you than other international destinations, you get this special deal that only charges $5 for shipping, included in your pledge amount above.)', '40.00', 'Canada', '0.00'),
('$40.00 USD reward 2', 'MugPosterSignedBook40', 'MUG & POSTER plus everything else in the $35 signed paperback level. Add $40 for shipping outside the US.', '40.00', '', '40.00'),
('$5.00 USD reward 1', 'DigitalNewSong5', 'A digital download of a BRAND NEW JONATHAN COULTON SONG inspired by the "Code Monkey Save World" graphic novel! Available exclusively to Kickstarter backers for the first month of release. ALSO includes the separated source tracks of the song!', '5.00', '', '0.00'),
('$5.00 USD reward 2', 'IntlStickers5', 'FOR INTERNATIONAL ADDRESSES: STICKERS! Yes, non-US residents if all you have is five bucks, WE WILL TAKE IT. And we''ll send you some official "Code Monkey Save World" stickers in the mail! EVERYBODY LOVES STICKERS!', '5.00', 'International', '0.00'),
('$50.00 USD reward 1', 'TshirtBookMusicBundle50', 'T-SHIRT, BOOK & MUSIC BUNDLE! Yep, a T-shirt featuring a sweet "Code Monkey Save World" design. PLUS the gorgeous hard copy of the "Code Monkey Save World" graphic novel! PLUS the digital downloads of the chapters through Monkeybrain and comiXology. PLUS a digital download of the soundtrack, which includes all the Jonathan Coulton songs that inspired the book! PLUS a digital download of the NEW JoCo song inspired by the book! Add $15 for shipping outside the US.', '50.00', '', '15.00'),
('$50.00 USD reward 2', 'MugBookMusicBundle50', 'COFFEE MUG, BOOK & MUSIC BUNDLE! Yep, a coffee mug featuring Tak''s awesome Code Monkey design. PLUS the gorgeous hard copy of the "Code Monkey Save World" graphic novel! PLUS the digital downloads of the chapters through Monkeybrain and comiXology. PLUS a digital download of the soundtrack, which includes all the Jonathan Coulton songs that inspired the book! PLUS a digital download of the NEW JoCo song inspired by the book! Add $25 for shipping outside the US.', '50.00', '', '25.00'),
('$50.00 USD reward 3', 'CoinSignedBookMusicBundle50', 'CHALLENGE COINS, BOOK & MUSIC BUNDLE! These challenge coins are awesome metal medallions impressed with nifty "Code Monkey Save World" characters, designs, and text. We''re still designing them, but they''re gonna be super-sweet. We''re including TWO "Code Monkey Save World" challenge coins (featuring two different designs!) in this package. PLUS the gorgeous physical copy of the "Code Monkey Save World" trade paperback, signed by Greg Pak and Jonathan Coulton! PLUS the digital downloads of the chapters through Monkeybrain and comiXology. PLUS a digital download of the soundtrack, which includes all the Jonathan Coulton songs that inspired the book! PLUS a digital download of the NEW JoCo song inspired by the book! Add $12 for shipping outside the US.', '50.00', '', '12.00'),
('$50.00 USD reward 4', 'PosterBookMusicBundle50', 'POSTER, BOOK & MUSIC BUNDLE! By popular demand, a 24" x 36" "Code Monkey Save World" poster! Sent rolled in a tube, not folded! PLUS the gorgeous physical copy of the "Code Monkey Save World" trade paperback, signed by Greg Pak and Jonathan Coulton! PLUS the digital downloads of the chapters through Monkeybrain and comiXology. PLUS a digital download of the soundtrack, which includes all the Jonathan Coulton songs that inspired the book! PLUS a digital download of the NEW JoCo song inspired by the book! Add $25 for shipping outside the US.', '50.00', '', '25.00'),
('$500.00 USD reward 1', 'LikenessAndPanel500', 'Have your likeness drawn into the "Code Monkey Save World" graphic novel as a supporting character! AND get the original panel from the Takeshi Miyazawa page that your likeness appears on! (Please note that you''ll have to sign a release form authorizing us to use your likeness.) PLUS the gorgeous hard copy of the "Code Monkey Save World" graphic novel! PLUS the digital downloads of the chapters through Monkeybrain and comiXology. PLUS a digital download of the soundtrack, which includes all the Jonathan Coulton songs that inspired the book! PLUS a digital download of the NEW JoCo song inspired by the book! Add $10 for shipping outside the US.', '500.00', '', '10.00'),
('$500.00 USD reward 2', 'PakScriptReviewInsiderPackageScript500', 'SCRIPT REVIEW FROM GREG plus SUPER SECRET INSIDER PACKAGE plus BOOK & MUSIC. Aspiring comic book writer? Get an in-depth script review by Greg Pak. PLUS the Super Secret Insider Package, PLUS the script of the "Code Monkey Save World" graphic novel, signed by Greg. PLUS the gorgeous hard copy of the "Code Monkey Save World" graphic novel! PLUS the digital downloads of the chapters through Monkeybrain and comiXology. PLUS a digital download of the soundtrack, which includes all the Jonathan Coulton songs that inspired the book! PLUS a digital download of the NEW JoCo song inspired by the book! Add $15 for shipping outside the US.', '500.00', '', '15.00'),
('$500.00 USD reward 3', 'JoCoReviewInsiderPackage500', 'SONG REVIEW FROM JONATHAN plus SUPER SECRET INSIDER PACKAGE plus BOOK & MUSIC. Aspiring songwriter? Get an in-depth song review by Jonathan Coulton! PLUS the gorgeous hard copy of the "Code Monkey Save World" graphic novel! PLUS the digital downloads of the chapters through Monkeybrain and comiXology. PLUS a digital download of ALL OF JONATHAN COULTON''S SONGS! That''s right, all of them (except the Christmas album). PLUS a digital download of the soundtrack, which includes all the Jonathan Coulton songs that inspired the book! PLUS a digital download of the NEW JoCo song inspired by the book! Add $10 for shipping outside the US.', '500.00', '', '10.00'),
('$500.00 USD reward 4', 'R2LikenessAndPanel500', 'SECOND BONUS ROUND! FIVE MORE AVAILABLE! Have your likeness drawn into the "Code Monkey Save World" graphic novel as a supporting character! AND get the original panel from the Takeshi Miyazawa page that your likeness appears on! (Please note that you''ll have to sign a release form authorizing us to use your likeness.) PLUS the gorgeous hard copy of the "Code Monkey Save World" trade paperback! PLUS the digital downloads of the chapters through Monkeybrain and comiXology. PLUS a digital download of the soundtrack, which includes all the Jonathan Coulton songs that inspired the book! PLUS a digital download of the NEW JoCo song inspired by the book! Add $10 for shipping outside the US.', '500.00', '', '10.00'),
('$500.00 USD reward 5', 'CustomTakDrawing500', 'Get a TAKESHI MIYAZAWA ORIGINAL DRAWING of your favorite "Code Monkey Save World" character! Full body character sketch, inked and toned with marker -- and you can suggest an EMOTION with which you''d like Tak to imbue the character! PLUS the gorgeous hard copy of the "Code Monkey Save World" trade paperback! PLUS the digital downloads of the chapters through Monkeybrain and comiXology. PLUS a digital download of the soundtrack, which includes all the Jonathan Coulton songs that inspired the book! PLUS a digital download of the NEW JoCo song inspired by the book! Add $10 for shipping outside the US.', '500.00', '', '10.00'),
('$500.00 USD reward 6', 'ChildsLikenessSignedPrint500', 'Have your child''s likeness drawn into the "Princess Who Saved Herself" children''s book as a supporting character! AND get a beautiful 11" x 17" print of the page that your child''s likeness appears on! The print will even be signed by Takeshi Miyazawa, Greg Pak, and Jonathan Coulton! (Please note that you''ll have to sign a release form authorizing us to use child''s likeness.) PLUS the gorgeous, signed physical copy of the "Code Monkey Save World" paperback! PLUS the digital downloads of the chapters through Monkeybrain and comiXology. PLUS a digital download of the soundtrack, which includes all the Jonathan Coulton songs that inspired the book! PLUS a digital download of the NEW JoCo song inspired by the book! (Please note: If we do not reach the stretch goal and do not make the "Princess Who Saved Herself" book, we will refund your money.) Add $20 for shipping outside the US.', '500.00', '', '20.00'),
('$75.00 USD reward', 'SignedScriptBookAndMusic75', 'SIGNED SCRIPT AND MORE JOCO MUSIC plus BOOK & MUSIC! The script of the "Code Monkey Save World" graphic novel, SIGNED BY GREG PAK. PLUS all of Jonathan Coulton''s classic and beloved "Thing a Week" songs in digital form. That''s 52 songs, y''all. PLUS the gorgeous hard copy of the "Code Monkey Save World" graphic novel! PLUS the digital downloads of the chapters through Monkeybrain and comiXology. PLUS a digital download of the soundtrack, which includes all the Jonathan Coulton songs that inspired the book! PLUS a digital download of the NEW JoCo song inspired by the book! Add $15 for shipping outside the US.', '75.00', '', '15.00'),
('$750.00 USD reward', 'JoCoRecordingSessionMugTshirtPosterSignedScriptBook750', 'SEE JONATHAN COULTON RECORD THE "CODE MONKEY SAVE WORLD" ACOUSTIC ALBUM LIVE IN NYC! This is nuts. At this level, you and a guest can come to the studio in New York City to watch part of Jonathan Coulton''s recording session for the new acoustic album! We''ll even take you to lunch. Exact date TBA -- but probably some time in June. Travel to New York and accomodations, etcetera not included. But this does include the MUG, the T-SHIRT, the POSTER, and the SIGNED SCRIPT. PLUS a digital download of ALL OF JONATHAN COULTON''S SONGS! That''s right, all of them (except the Christmas album). PLUS the gorgeous hard copy of the "Code Monkey Save World" trade paperback! PLUS the digital downloads of the chapters through Monkeybrain and comiXology. PLUS a digital download of the soundtrack, which includes all the Jonathan Coulton songs that inspired the book! PLUS a digital download of the NEW JoCo song inspired by the book! (Also, don''t worry -- if we don''t reach the stretch goal enabling the album and we don''t record it, your money will be refunded.)', '750.00', 'UNKNOWN', '0.00'),
('$80.00 USD reward 1', 'TshirtMugBookMusicBundle80', 'T-SHIRT, COFFEE MUG, BOOK & MUSIC BUNDLE! Yep, a t-shirt AND a coffee mug featuring Tak''s awesome Code Monkey design. PLUS the gorgeous hard copy of the "Code Monkey Save World" trade paperback! PLUS the digital downloads of the chapters through Monkeybrain and comiXology. PLUS a digital download of the soundtrack, which includes all the Jonathan Coulton songs that inspired the book! PLUS a digital download of the NEW JoCo song inspired by the book! Add $25 for shipping outside the US.', '80.00', '', '25.00'),
('$80.00 USD reward 2', 'TshirtChallengeCoinsSignedBook80', 'T-SHIRT & CHALLENGE COINS plus everything else in the $35 signed paperback level. Add $16 for shipping outside the US.', '80.00', '', '16.00'),
('$80.00 USD reward 3', 'TshirtPosterSignedBook80', 'T-SHIRT & POSTER plus everything else in the $35 signed paperback level. Add $30 for shipping outside the US.', '80.00', '', '30.00'),
('$80.00 USD reward 4', 'MugChallengeCoinsSignedBook80', 'MUG & CHALLENGE COINS plus plus everything else in the $35 signed paperback level. Add $30 for shipping outside the US.', '80.00', '', '30.00'),
('$80.00 USD reward 5', 'ChallengeCoinsPosterSignedBook80', 'CHALLENGE COINS & POSTER plus everything in the $35 level. Add $30 for shipping outside the US.', '80.00', '', '30.00'),
('$80.00 USD reward 6', 'MugPosterSignedBook80', 'MUG & POSTER plus everything else in the $35 signed paperback level. Add $40 for shipping outside the US.', '80.00', '', '40.00'),
('No reward', 'NoReward', 'You elected not to receive a kickstarter reward. Thank you so much for helping us make Code Monkey Save World a reality! If you intended to select a reward and accidentally did not, please contact us as soon as possible and we''ll do our best to help.', '0.00', '', '0.00');

/*!40101 SET CHARACTER_SET_CLIENT=@OLD_CHARACTER_SET_CLIENT */;
/*!40101 SET CHARACTER_SET_RESULTS=@OLD_CHARACTER_SET_RESULTS */;
/*!40101 SET COLLATION_CONNECTION=@OLD_COLLATION_CONNECTION */;
